{"cameraMode":{"drawMode":0,"name":"Shaded","section":"Shading Mode"},"sceneLighting":true,"audioPlay":false,"sceneViewState":{"m_AlwaysRefresh":false,"showFog":true,"showSkybox":true,"showFlares":true,"showImageEffects":true,"showParticleSystems":true,"showVisualEffectGraphs":true,"m_FxEnabled":true},"in2DMode":false,"pivot":{"x":-40.744102478027347,"y":6.8587188720703129,"z":-43.83000183105469},"rotation":{"x":0.06334862858057022,"y":0.830609917640686,"z":0.5447882413864136,"w":-0.09663444757461548},"size":0.21831217408180238,"orthographic":false}